《日系簡約》質感收納盒 收納籃 收納箱 化妝品 桌面收納 文具 整理 置物 辦公 小物-杏色/大,339,"《日系簡約》質感收納盒 收納籃 收納箱 化妝品 桌面收納 文具 整理 置物 辦公 小物-杏色/大\r\n◆輕鬆打造個人居家收納風格
◆客廳、臥室、廚房、冰箱皆適用
◆大口握把便利好拿取
◆三種尺寸，靈活收納省空間",100,0,5,./img/000002_1611914180.jpg,3
《日系簡約》質感收納盒 收納籃 收納箱 化妝品 桌面收納 文具 整理 置物 辦公 小物-杏色/中,329,"《日系簡約》質感收納盒 收納籃 收納箱 化妝品 桌面收納 文具 整理 置物 辦公 小物-杏色/中\r\n◆輕鬆打造個人居家收納風格
◆客廳、臥室、廚房、冰箱皆適用
◆大口握把便利好拿取
◆三種尺寸，靈活收納省空間",100,0,5,./img/000002_1611914157.jpg,3
《日系簡約》質感收納盒 收納籃 收納箱 化妝品 桌面收納 文具 整理 置物 辦公 小物-白色/小,309,"《日系簡約》質感收納盒 收納籃 收納箱 化妝品 桌面收納 文具 整理 置物 辦公 小物-白色/小\r\n◆輕鬆打造個人居家收納風格
◆客廳、臥室、廚房、冰箱皆適用
◆大口握把便利好拿取
◆三種尺寸，靈活收納省空間",100,0,5,./img/000002_1611914216.jpg,3
《日系簡約》質感收納盒 收納籃 收納箱 化妝品 桌面收納 文具 整理 置物 辦公 小物-白色/大,339,"《日系簡約》質感收納盒 收納籃 收納箱 化妝品 桌面收納 文具 整理 置物 辦公 小物-白色/大\r\n◆輕鬆打造個人居家收納風格
◆客廳、臥室、廚房、冰箱皆適用
◆大口握把便利好拿取
◆三種尺寸，靈活收納省空間",100,0,5,./img/000002_1611914262.jpg,3
《日系簡約》質感收納盒 收納籃 收納箱 化妝品 桌面收納 文具 整理 置物 辦公 小物-杏色/小,309,"《日系簡約》質感收納盒 收納籃 收納箱 化妝品 桌面收納 文具 整理 置物 辦公 小物-杏色/小\r\n◆輕鬆打造個人居家收納風格
◆客廳、臥室、廚房、冰箱皆適用
◆大口握把便利好拿取
◆三種尺寸，靈活收納省空間",100,0,5,./img/000002_1611914132.jpg,3
《日系簡約》質感收納盒 收納籃 收納箱 化妝品 桌面收納 文具 整理 置物 辦公 小物-白色/中,329,"《日系簡約》質感收納盒 收納籃 收納箱 化妝品 桌面收納 文具 整理 置物 辦公 小物-白色/中\r\n◆輕鬆打造個人居家收納風格
◆客廳、臥室、廚房、冰箱皆適用
◆大口握把便利好拿取
◆三種尺寸，靈活收納省空間",100,0,5,./img/000002_1611914238.jpg,3
北歐風雙層收納架 收納盒 收納台 化妝品收納 廚房收納 浴室收納 防水 多功能桌上置物架,177,"北歐風雙層收納架 收納盒 收納台 化妝品收納 廚房收納 浴室收納 防水 多功能桌上置物架\r\n大推薦這款！免用工具安裝～組裝非常簡單🤩

👍 雙層設計大空間：收納多瓶保養品 沐浴乳也不是問題
👍 超堅固的結構：加高防滑底部設計 💯牢固
👍 整潔清晰的收納：找尋物品超迅速，不再怕弄丟物品
👍 防水鏤空設計：通風瀝水設計，可以放在浴室唷💓

簡約北歐風外型適合各式居家風格💖
住宿生及租屋小家庭非常適合選購這一款～",100,0,5,./img/000002_1637890525.jpg,3
【AOTTO】馬卡龍化妝品收納盒 組合抽屜盒(桌上收納盒 文具收納 抽屜盒),490,"【AOTTO】馬卡龍化妝品收納盒 組合抽屜盒(桌上收納盒 文具收納 抽屜盒)\r\n多格置物好拿取 收納取物方便
告別化妝品 飾品 文具 雜亂問題
抽屜式設計 輕鬆好拉",100,0,5,./img/000002_1597212894.jpg,3
Cobox 360°旋轉筆筒 辦公文具收納盒 刷具化妝品收納架 桌面小物收納 桌上型分格整理盒,219,"Cobox 360°旋轉筆筒 辦公文具收納盒 刷具化妝品收納架 桌面小物收納 桌上型分格整理盒\r\n360°旋轉底座 高低分層方便取用

三格大容量收納 節省空間
高低分層設計 輕鬆歸類物品
高質感pp磨砂材質 光滑無毛刺
刷具 文具 事務用品 多功能收納


選購➤cobox 翻蓋瀝水肥皂架二入組",100,0,5,./img/000002_1618473165.jpg,3
【RoLife 簡約生活】日系簡約風格透明壓克力多格抽屜化妝品收納盒(5種款式 口紅/飾品),246,"【RoLife 簡約生活】日系簡約風格透明壓克力多格抽屜化妝品收納盒(5種款式 口紅/飾品)\r\n日式簡約風、多種款式好收納
12格口紅格、輕鬆分配化妝品
抽屜設計、自由分配小物放置
簡單風格、優質壓克力板",100,0,5,./img/000002_1614762258.jpg,3
【樂邦】北歐色大容量化妝品收納盒,459,"【樂邦】北歐色大容量化妝品收納盒\r\n大容量好收納
高度不受限
抽屜式小物收納",100,0,5,./img/000002_1587634126.jpg,3
【AOTTO】LED補光絕美鏡面化妝品收納盒 收納箱(化妝盒 化妝箱),699,"【AOTTO】LED補光絕美鏡面化妝品收納盒 收納箱(化妝盒 化妝箱)\r\n大瓶罐可收納不怕佔地方
防潑水不怕淋溼
化妝品飾品收納 抽屜收納",100,0,5,./img/000002_1620872754.jpg,3
iware 大容量化妝品文具桌面抽屜式收納盒,559,"iware 透明磨砂 大容量化妝品面膜 桌面文具 桌上抽屜式收納盒 隔層分格 防水防塵 無印風\r\n大容量抽屜 透明磨砂

隔層分隔設計 抽屜可收納面膜
透氣通風 排水設計 方便清潔
高品質透明磨砂材質 清新高雅",100,0,5,./img/000002_1545471531.jpg,3
【Cap】雙層抽屜桌上化妝品文具飾品收納盒,220,"【Cap】雙層抽屜桌上化妝品文具飾品收納盒\r\n★ 桌上型，小巧實用
★ 優質abs材質耐磨耐用
★ 多元收納各式小物
★ 抽屜u形開口設計方便開合
★ 分隔筆筒，輕鬆分類收納",100,0,5,./img/000002_1618295932.jpg,3
BD 三層耳環收納架 長耳環收納 透明耳環架 化妝品飾品收納箱收納架飾品盒 首飾盒壓克力,219,"BD 三層耳環收納架 長耳環收納 透明耳環架 化妝品飾品收納箱收納架飾品盒 首飾盒壓克力\r\n耳環共192孔  最多可放96副耳環
項鍊 手鍊 約20條
一半圓孔 一半橢圓孔 最上排可放""勾式耳環(細項鍊)""",100,0,5,./img/000002_1620723790.jpg,3
日式收納盒 高質感好實用 襪子收納 內褲收納 文具收納 化妝品收納 抽屜收納 5格收納,99,"㊣我最便宜↘87折【mama 17go】好實用日式收納盒 高質感 襪子收納 內褲收納 文具收納 化妝品收納 抽屜收納 小5格收納\r\n✅ 方便收納各式小物
✅ 上寬下窄設計可堆疊放置
✅ 外觀簡約不失格調超耐用
✅ 客廳、廚房、化妝台、書桌、衣櫃皆可使用
✅ 用最優惠的價格，讓您買到高cp值的產品

此款為小5格款尺寸：26.5*9*6.5cm
★選購其他款式：
收納大3格款",100,0,5,./img/000002_1573094606.jpg,3
IDEA-奢華美顏款化妝品收納盒,799,"IDEA-奢華美顏款化妝品收納盒\r\n▲三層分區收納，貼心保護你的美
▲不具潮濕，更防塵
▲高瓶可放，大容量
▲可立大翻蓋，免手扶易拿取
▲移動的化妝間，一拎就走",100,0,5,./img/000002_1597651503.jpg,3
台灣110V專用 20L車載迷你小型冰箱家用學生宿舍化妝品車用製冷便攜小冰箱,2909,"台灣110V專用 20L車載迷你小型冰箱家用學生宿舍化妝品車用製冷便攜小冰箱\r\n產品信息
產品名稱：數顯家車兩用冰箱20l
制冷溫度：低於室溫20到25度。夏天可製冷5-8度，冬天大概2至5度，加熱溫度：最高可達65℃
 不可冷凍結冰，只能冷藏。介意勿下標。產品顏色：白色
產品材質：abs+金屬+鋼化玻璃
工作電壓：車用12v 家用110v
額定功率：加熱55-80w 制冷70-95w
產品凈重：5.4kg
內部尺寸:21×22×33cm
外部尺寸:27×35×40cm

 產品特點
1.車家兩用 冷熱皆宜 一鍵切換
2.迷你小巧 便攜提手 攜帶方便
3.屏蔽輻射 全程呵護 安全健康
4.節能環保 經濟實惠 放心使用
5.靜音低噪 安全運轉 舒適安靜
6.數顯板：觸控設計 lcd溫度顯示 智能芯片 自動恒溫 可根據不同需求設置適宜溫度 鋼化玻璃面板

使用前注意事項:
1:本品為制冷式車載小冰箱，使用功率介於48~65w，非壓縮機製冰式冰箱。本品只有冷藏，保溫效果
並無法""製冰塊""及""冷凍""。
 
2:本品內建大型靜音式散熱風扇，使用時請注意散熱孔處勿堵住(後面及兩側)，以保持散熱良好，延長產品的使用年限。
 
3:本品只能用於12v車型使用。大型24v電瓶大貨車不能使用。

4:本品開機後，制冷時間須時30-60分左右才會達到冷藏效果，若要加強制冷效果的話，可自行另購保冰袋置於冰箱內可加快制冷速度。(保冰袋須先放置家中冷凍庫冷凍後取出，再放置於本品小冰箱內，可重複使用)",100,0,5,./img/000002_1633948535.jpg,3
3入組 北歐個性撞色防滑雜物收納盒 收納籃 化妝品桌面收納 整理盒 置物盒,450,"3入組 北歐個性撞色防滑雜物收納盒 收納籃 化妝品桌面收納 整理盒 置物盒\r\n提手設計觸感舒適
磨砂質感一體收納
防滑底部耐用抗摔",100,0,5,./img/000002_1623201827.jpg,3
無印風化妝品桌面抽屜式收納盒,288,"一物多用，讓您的桌面不再亂糟糟的！\r\n➤多層收納設計，加大容量省空間
➤多格置物好拿取，分類收納取物方便
➤底部可鏤空設計，不易劃傷桌面
➤採用全新pp材質，堅固耐用不易變形
➤化妝品、文具用品、生活小物都能收",100,0,5,./img/000002_1582163521.jpg,3
Boden-復古首飾收納鏡櫃/化妝品收納穿衣鏡/全身鏡/試衣鏡(兩色可選),4282,"Boden-復古首飾收納鏡櫃/化妝品收納穿衣鏡/全身鏡/試衣鏡(兩色可選)\r\n典雅風格，仿舊復古塗裝
穿衣鏡+首飾收納，有效節省空間
環保mdf板材，質感高清銀鏡
高級絨布內裡，貼心化妝鏡設計
三段式斜度可調，側邊安全卡扣
專人送到府／免組裝！",100,0,5,./img/000002_1583486714.jpg,3
抽屜式化妝品塑膠收納盒 告別凌亂梳妝台 輕鬆分類節省空間 底部可瀝水,349,"抽屜式化妝品塑膠收納盒 告別凌亂梳妝台 輕鬆分類節省空間 底部可瀝水\r\n●大容量置物

●節省桌面空間

●高瓶輕鬆收納

●分隔式抽屜

●多場景適用

●收納整潔有序

●7格分類收納空間

●底部鏤空，瀝水透氣",100,0,5,./img/000002_1591160007.jpg,3
加大容量-抖音熱銷夯爆款！雙向翻蓋化妝品收納盒,490,"大號款(非特大款式)-抖音熱銷夯爆款！雙向翻蓋化妝品收納盒-大空間好收納 方便整理\r\n選購特大號化妝品收納箱款式請按此處				
選購化妝品收納盒請按此處				


抖音網紅爆推款，容量超級大
節省80%的空間，方便收納打理
隨行便捷，新娘秘書超適用",100,0,5,./img/000002_1617171619.jpg,3
【THERMOS 膳魔師】不鏽鋼真空保溫瓶500ml(JNL-502KT-CSM)Hello Kitty化妝品篇,1400,"【THERMOS 膳魔師】不鏽鋼真空保溫瓶500ml(JNL-502KT-CSM)Hello Kitty化妝品篇\r\n1.台灣三麗鷗正版授權。
2.hello kitty化身夢幻少女搭配hello kitty可愛造型化妝品圖素，粉嫩可愛。",100,0,5,./img/000002_1629953644.jpg,3
化妝品文具桌面抽屜式收納盒-(化妝/筆筒款)2入,189,"化妝品文具桌面抽屜式收納盒-(化妝/筆筒款)2入\r\n★超大容量收納盒
★可放置各類化妝品、飾品、辦公室用品、文具、雜物..等等
★隔層分隔設計 抽屜可收納面膜
★口紅盒可隨意移動 
★透氣通風 排水設計 方便清潔 
★高品質透明磨砂材質 清新高雅
★從此告別凌亂生活",100,0,5,./img/000002_1558508494.jpg,3
日式收納盒 高質感好實用 襪子收納 內褲收納 文具收納 化妝品收納 抽屜收納 3格收納,80,"㊣我最便宜↘78折【mama 17go】好實用日式收納盒 高質感 襪子收納 內褲收納 文具收納 化妝品收納 抽屜收納 大3格收納\r\n✅ 方便收納各式小物
✅ 上寬下窄設計可堆疊放置
✅ 外觀簡約不失格調超耐用
✅ 客廳、廚房、化妝台、書桌、衣櫃皆可使用
✅ 用最優惠的價格，讓您買到高cp值的產品

此款為大3格款尺寸：27*13*8.5cm
★選購其他款式：
收納小5格款",100,0,5,./img/000002_1573094220.jpg,3
調料架 香料架化妝品架廚房工具 廚房置物架,349,"多功能萬用收納架\r\n【 衛浴、廚房、書桌皆可使用 】


【 萬用收納架 收納整理不煩惱 】


【 塑膠材質 輕便小巧不占空間 】


【 讓你的居家生活 整齊不髒亂  】",100,0,5,./img/000002_1547693474.jpg,3
透明壓克力多格抽屜化妝品收納盒,336,"透明壓克力多格抽屜化妝品收納盒\r\n3小抽 自由分配小物放置
１２格口紅格 輕鬆分配
可放置保養品
鏡面拋光 光滑圓潤",100,0,5,./img/000002_1567653978.jpg,3
【iSFun】三層抽屜式＊桌上化妝品文具飾品收納盒,349,"【iSFun】三層抽屜式＊桌上化妝品文具飾品收納盒\r\n◆ 三層抽屜式收納盒
◆ 置放桌面收納雜物
◆ 告別飾品雜亂問題
◆ 簡約風格桌上收納",100,0,5,./img/000002_1631092069.jpg,3
【MUJI 無印良品】尼龍化妝箱S/黑.約23x15.5x9cm,520,"【MUJI 無印良品】尼龍化妝箱S/黑.約23x15.5x9cm\r\n可以整理收納化妝品、護膚用品等，方便隨身攜帶的s尺寸。

●材質：表布:尼龍100%裏布:聚酯纖維100%
●規格：黑.約23x15.5x9cm
●產地：越南
●條碼：4550182925616",100,0,5,./img/000002_1617270494.jpg,3
多功能刷具盒 晾曬防塵刷具收納筒 刷具筒 刷具桶刷具組收納 化妝品收納 桌上收納置物架,253,"多功能刷具盒 晾曬防塵刷具收納筒 刷具筒 刷具桶刷具組收納 化妝品收納 桌上收納置物架\r\n超實用的刷具筒✨
１２格大容量，可收納整整一組的刷具💕
晾曬＋收納 正反倒用就有不同功能！超級好用👏

平時可直接將刷具放進去收納～
柔軟矽膠可以完整固定刷具。
附蓋可以隔絕灰塵及異物，收納更安心🥰

洗完刷具後，將刷具放入收納孔
並且倒放就可以直接晾曬！！
（記得要將透氣筒拉出來唷）
可防止水分倒流，讓刷具發霉壞掉👍👍

簡約外觀設計，當作擺飾也很美麗
小巧盒身，外出攜帶也相當便利😉",100,0,5,./img/000002_1638935064.jpg,3
免打孔雙層衛生間置物架 壁掛架 浴室架 【浴室/洗漱臺/廁所/馬桶】上方架子 化妝品收納架,1749,"免打孔雙層衛生間置物架 壁掛架 浴室架 【浴室/洗漱臺/廁所/馬桶】上方架子 化妝品收納架\r\n賣點：防鏽氧化、通風瀝水、免打孔、光滑邊緣、承重性強、多種墻面適用
      甄選優質碳鋼，實心加厚，厚度達到1.81mm
      一提一放，拆裝簡單；內有瀝水槽設計，方便清潔。
      內設長條瀝水孔，置物更防水
      安裝底片後，輕輕按上即可自由拆卸清洗
      與車漆工藝平起平坐，防水防鏽
      多場景適用，強勢收納告別雜亂",100,0,5,./img/000002_1639883891.jpg,3
【桌面抽屜收納盒】文具整理盒 化妝品收納 辦公室整理盒 抽屜式收納盒 桌面收納盒【BE1027】,349,"♥Finger pop♥ 【桌面抽屜收納盒】文具整理盒 化妝品收納 辦公室整理盒 抽屜式收納盒 桌面收納盒【BE1027】\r\n桌面抽屜收納盒-1入 
桌面抽屜收納盒-2入 
桌面抽屜收納盒-3入 

簡約無印風設計、高質感收納擺設
組合式抽屜
無印簡約風設計讓置物也變超有質感

進入""finger pop""專區◍",100,0,5,./img/000002_1636437722.jpg,3
抽屜式化妝品收納盒│桌面梳粧檯化妝盒│保養品收納歸類盒,489,"抽屜式化妝品收納盒│桌面梳粧檯化妝盒│保養品收納歸類盒\r\n◎節省桌面空間，整潔收納
◎便捷抽屜設計，一格一物
◎高度不受限，大瓶化妝水也能收納",100,0,5,./img/000002_1609305435.jpg,3
桌面鏡子化妝品收納箱 大容量收納盒 化妝箱 首飾盒 桌面整理,689,桌面鏡子化妝品收納箱 大容量收納盒 化妝箱 首飾盒 桌面整理\r\n,100,0,5,./img/000002_1629361621.jpg,3
2入組 多色簡約鏤空收納籃 收納盒 化妝品桌面收納 整理盒 雜物水果,259,"2入組 多色簡約鏤空收納籃 收納盒 化妝品桌面收納 整理盒 雜物水果\r\npp材質厚實耐用
告別凌亂 小巧好收納節省空間
適放冰箱、廚櫃、桌面、調味瓶收納",100,0,5,./img/000002_1633076877.jpg,3
【快樂家】360度旋轉化妝品桌上萬用收納架(黑色),299,"【快樂家】360度旋轉化妝品桌上萬用收納架(黑色)\r\n☆360度旋轉 輕鬆拿取物品
☆diy快速安裝 可自由調節層板
☆收納整齊 一目了然 
☆魔術大空間 物品均有家
其他顏色
★點我看其他顏色-白色",100,0,5,./img/000002_1572510937.jpg,3
北歐風雙層收納架 收納盒 化妝品收納 廚房收納 浴室收納 防水 多功能桌上置物架 展示架,159,"北歐風雙層收納架 收納盒 化妝品收納 廚房收納 浴室收納 防水 多功能桌上置物架 展示架\r\n免工具安裝～組裝非常簡單🤩
👍 雙層設計大空間：收納多瓶保養品 沐浴乳也不是問題
👍 超堅固的結構：加高防滑底部設計 💯牢固
👍 整潔清晰的收納：找尋物品超迅速，不再怕弄丟物品
👍 防水鏤空設計：通風瀝水設計，可以放在浴室唷💓

簡約北歐風外型適合各式居家風格💖
住宿生及租屋小家庭非常適合選購這一款～",100,0,5,./img/000001_1606897560.jpg,3
【逛逛市集】桌上型DIY木質收納置物架 粉色 化妝盒 收納盒 置物盒 文具盒 飾品盒 1入,188,"【逛逛市集】桌上型DIY木質收納置物架 粉色 化妝盒 收納盒 置物盒 文具盒 飾品盒 1入\r\n■無異味，環保材質   大承重   不輕易變形
■輕鬆安裝   拆卸方便   精巧收納不佔空間
■分格設計，化妝品歸位整齊有序
■大容量收納空間，省下80%空間
■適用於辦公室、臥室、客廳、書房、餐廳..等等桌上型收納

diy置物架
 ▶️ 護頸螢幕單抽1入組    ▶️ 護頸螢幕雙抽款1入組   ▶️ 帶鏡三抽屜款1入組 
 ▶️ 護頸螢幕單抽2入組    ▶️ 大容量書架款1入組",100,0,5,./img/000002_1633058677.jpg,3
【PICKup】四層化妝品分格抽屜收納櫃(1低2中1高抽)-DIY,989,"【PICKup】四層化妝品分格抽屜收納櫃(1低2中1高抽)-DIY\r\n．96格唇膏分類格，多格可運用
．加高抽屜，保養瓶罐也能放置
．可調式隔板，輕鬆變換格數
．透明抽屜面版，取物一目了然",100,0,5,./img/000002_1611730799.jpg,3
